anno;provincia;impianti;mw;regione
2015;Agrigento;5209;200,9;Sicilia
2015;Alessandria;5217;250,7;Piemonte
2015;Ancona;7814;289,3;Marche
2015;Aosta;2043;21,7;Valle d'Aosta
2015;Arezzo;5689;159,6;Toscana
2015;Ascoli Piceno;2930;115,9;Marche
2015;Asti;3800;81;Piemonte
2015;Avellino;4095;74,8;Campania
2015;Bari;11482;473,8;Puglia
2015;Barletta - Andria - Trani;1963;164,5;Puglia
2015;Belluno;4099;40,3;Veneto
2015;Benevento;3138;56,8;Campania
2015;Bergamo;14265;279,1;Lombardia
2015;Biella;2467;84,7;Piemonte
2015;Bologna;12597;309,9;Emilia-Romagna
2015;Bolzano;7899;238,7;Trentino-Alto Adige
2015;Brescia;22377;418;Lombardia
2015;Brindisi;4733;493,9;Puglia
2015;Caltanissetta;3249;87,6;Sicilia
2015;Campobasso;2649;130,9;Molise
2015;Caserta;6585;234,9;Campania
2015;Catania;8397;207,7;Sicilia
2015;Catanzaro;4678;127,8;Calabria
2015;Chieti;5479;222,1;Abruzzo
2015;Como;5934;81,7;Lombardia
2015;Cosenza;8464;230,9;Calabria
2015;Cremona;6878;228,8;Lombardia
2015;Crotone;1509;31,8;Calabria
2015;Cuneo;11470;542,7;Piemonte
2015;Enna;1876;70,8;Sicilia
2015;Fermo;2498;104,8;Marche
2015;Ferrara;5545;185,6;Emilia-Romagna
2015;Firenze;5463;96,8;Toscana
2015;Foggia;4556;423,7;Puglia
2015;Forli - Cesena;7770;209,4;Emilia-Romagna
2015;Frosinone;4721;161,5;Lazio
2015;Genova;2165;22,8;Liguria
2015;Gorizia;3633;37,9;Friuli-Venezia Giulia
2015;Grosseto;2885;79,7;Toscana
2015;Imperia;1358;24,6;Liguria
2015;Isernia;985;43;Molise
2015;L'Aquila;3745;140,2;Abruzzo
2015;La Spezia;1621;20;Liguria
2015;Latina;5919;239,6;Lazio
2015;Lecce;14307;679,6;Puglia
2015;Lecco;3428;45,7;Lombardia
2015;Livorno;3218;72,5;Toscana
2015;Lodi;3128;118,9;Lombardia
2015;Lucca;4502;57,8;Toscana
2015;Macerata;5554;302,2;Marche
2015;Mantova;6863;211,4;Lombardia
2015;Massa Carrara;2374;20,9;Toscana
2015;Matera;2290;181;Basilicata
2015;Messina;4713;57,4;Sicilia
2015;Milano;13338;292,5;Lombardia
2015;Modena;11573;230,5;Emilia-Romagna
2015;Monza E Brianza;6171;98;Lombardia
2015;Napoli;6370;144;Campania
2015;Novara;4537;89,1;Piemonte
2015;Padova;18672;318,8;Veneto
2015;Palermo;5810;162,4;Sicilia
2015;Parma;5305;176,6;Emilia-Romagna
2015;Pavia;5706;176,5;Lombardia
2015;Perugia;12788;331,8;Umbria
2015;Pesaro E Urbino;5442;239,7;Marche
2015;Pescara;3167;86,6;Abruzzo
2015;Piacenza;4272;174,2;Emilia-Romagna
2015;Pisa;4940;89,4;Toscana
2015;Pistoia;2726;36,5;Toscana
2015;Pordenone;8469;150,3;Friuli-Venezia Giulia
2015;Potenza;4970;180,7;Basilicata
2015;Prato;1877;77,1;Toscana
2015;Ragusa;4737;198,1;Sicilia
2015;Ravenna;9073;375,6;Emilia-Romagna
2015;Reggio Di Calabria;4409;57,6;Calabria
2015;Reggio Nell'Emilia;8256;149,6;Emilia-Romagna
2015;Rieti;2090;22,2;Lazio
2015;Rimini;5064;82,9;Emilia-Romagna
2015;Roma;25144;411,1;Lazio
2015;Rovigo;3650;314,7;Veneto
2015;Salerno;6232;217,8;Campania
2015;Sardegna;31642;724;Sardegna
2015;Savona;1965;28,7;Liguria
2015;Siena;2729;69,6;Toscana
2015;Siracusa;5349;191,8;Sicilia
2015;Sondrio;3645;50,5;Lombardia
2015;Taranto;5815;365,2;Puglia
2015;Teramo;4870;239,5;Abruzzo
2015;Terni;3156;130;Umbria
2015;Torino;17608;387;Piemonte
2015;Trapani;4859;131,2;Sicilia
2015;Trento;14818;170,3;Trentino-Alto Adige
2015;Treviso;22716;306,5;Veneto
2015;Trieste;1544;26,9;Friuli-Venezia Giulia
2015;Udine;15580;287,7;Friuli-Venezia Giulia
2015;Varese;9614;123,5;Lombardia
2015;Venezia;13052;168,2;Veneto
2015;Verbano - Cusio - Ossola;1120;14,6;Piemonte
2015;Vercelli;2436;85,2;Piemonte
2015;Verona;13545;342,9;Veneto
2015;Vibo Valentia;2040;34,8;Calabria
2015;Vicenza;17382;266,9;Veneto
2015;Viterbo;5260;382,8;Lazio
2016;Agrigento;5486;203,9;Sicilia
2016;Alessandria;5503;253;Piemonte
2016;Ancona;8165;291,9;Marche
2016;Aosta;2136;22,2;Valle d'Aosta
2016;Arezzo;6000;161,6;Toscana
2016;Ascoli Piceno;3085;117;Marche
2016;Asti;3982;83,2;Piemonte
2016;Avellino;4383;78,8;Campania
2016;Bari;11958;480,5;Puglia
2016;Barletta - Andria - Trani;2070;166,9;Puglia
2016;Belluno;4241;41,2;Veneto
2016;Benevento;3425;59,9;Campania
2016;Bergamo;15431;288,1;Lombardia
2016;Biella;2613;86,8;Piemonte
2016;Bologna;13535;318;Emilia-Romagna
2016;Bolzano;8076;240,9;Trentino-Alto Adige
2016;Brescia;23724;427,2;Lombardia
2016;Brindisi;4913;495,5;Puglia
2016;Caltanissetta;3436;90,2;Sicilia
2016;Campobasso;2767;132,1;Molise
2016;Caserta;6974;240,1;Campania
2016;Catania;8869;213,7;Sicilia
2016;Catanzaro;4932;131,3;Calabria
2016;Chieti;5856;224,4;Abruzzo
2016;Como;6545;85,1;Lombardia
2016;Cosenza;8938;238,7;Calabria
2016;Cremona;7323;232,2;Lombardia
2016;Crotone;1601;33,3;Calabria
2016;Cuneo;11956;546,7;Piemonte
2016;Enna;1996;72;Sicilia
2016;Fermo;2632;106;Marche
2016;Ferrara;5973;188,3;Emilia-Romagna
2016;Firenze;5907;100,5;Toscana
2016;Foggia;4778;427,4;Puglia
2016;Forli - Cesena;8270;213,9;Emilia-Romagna
2016;Frosinone;4991;164,5;Lazio
2016;Genova;2360;24;Liguria
2016;Gorizia;3775;39,6;Friuli-Venezia Giulia
2016;Grosseto;3022;80,3;Toscana
2016;Imperia;1466;25,3;Liguria
2016;Isernia;1015;43,2;Molise
2016;L'Aquila;4052;161,9;Abruzzo
2016;La Spezia;1760;20,8;Liguria
2016;Latina;6518;244;Lazio
2016;Lecce;14852;684,9;Puglia
2016;Lecco;3670;47;Lombardia
2016;Livorno;3411;73,7;Toscana
2016;Lodi;3329;119,8;Lombardia
2016;Lucca;4820;60,5;Toscana
2016;Macerata;5823;304,3;Marche
2016;Mantova;7412;215,6;Lombardia
2016;Massa Carrara;2470;21,8;Toscana
2016;Matera;2366;181,4;Basilicata
2016;Messina;5087;61,3;Sicilia
2016;Milano;14535;302,4;Lombardia
2016;Modena;12673;239,4;Emilia-Romagna
2016;Monza E Brianza;6675;101,4;Lombardia
2016;Napoli;6909;151,9;Campania
2016;Novara;4916;91,2;Piemonte
2016;Padova;20156;326,3;Veneto
2016;Palermo;6277;166,7;Sicilia
2016;Parma;5748;180,3;Emilia-Romagna
2016;Pavia;6212;179,4;Lombardia
2016;Perugia;13594;336,1;Umbria
2016;Pesaro E Urbino;5798;242,6;Marche
2016;Pescara;3350;87,6;Abruzzo
2016;Piacenza;4607;176,5;Emilia-Romagna
2016;Pisa;5286;91,3;Toscana
2016;Pistoia;2928;37,6;Toscana
2016;Pordenone;8942;153,3;Friuli-Venezia Giulia
2016;Potenza;5153;182,2;Basilicata
2016;Prato;1968;77,9;Toscana
2016;Ragusa;5131;205,2;Sicilia
2016;Ravenna;9674;379,8;Emilia-Romagna
2016;Reggio Di Calabria;4683;62;Calabria
2016;Reggio Nell'Emilia;8976;154,6;Emilia-Romagna
2016;Rieti;2304;23,4;Lazio
2016;Rimini;5417;85,1;Emilia-Romagna
2016;Roma;27280;422,3;Lazio
2016;Rovigo;3885;316,5;Veneto
2016;Salerno;6771;226,1;Campania
2016;Sardegna;33296;742,7;Sardegna
2016;Savona;2095;29,4;Liguria
2016;Siena;2904;71;Toscana
2016;Siracusa;5592;194,8;Sicilia
2016;Sondrio;3723;50,9;Lombardia
2016;Taranto;6043;367,5;Puglia
2016;Teramo;5057;240,6;Abruzzo
2016;Terni;3334;130,9;Umbria
2016;Torino;18607;394,1;Piemonte
2016;Trapani;5198;136,2;Sicilia
2016;Trento;15403;174,4;Trentino-Alto Adige
2016;Treviso;23804;313,6;Veneto
2016;Trieste;1630;27,3;Friuli-Venezia Giulia
2016;Udine;16349;292,1;Friuli-Venezia Giulia
2016;Varese;10529;128,6;Lombardia
2016;Venezia;14096;174;Veneto
2016;Verbano - Cusio - Ossola;1206;15;Piemonte
2016;Vercelli;2579;86;Piemonte
2016;Verona;14719;352;Veneto
2016;Vibo Valentia;2153;36,7;Calabria
2016;Vicenza;18585;275,1;Veneto
2016;Viterbo;5625;384,6;Lazio
2017;Agrigento;5759;207,9;Sicilia
2017;Alessandria;5783;254,9;Piemonte
2017;Ancona;8502;295,1;Marche
2017;Aosta;2244;23,2;Valle d'Aosta
2017;Arezzo;6250;164,8;Toscana
2017;Ascoli Piceno;3170;117,7;Marche
2017;Asti;4181;84,9;Piemonte
2017;Avellino;4641;81,5;Campania
2017;Bari;12485;483,9;Puglia
2017;Barletta - Andria - Trani;2206;169,7;Puglia
2017;Belluno;4410;42,5;Veneto
2017;Benevento;3701;62,7;Campania
2017;Bergamo;16620;297,3;Lombardia
2017;Biella;2738;88,6;Piemonte
2017;Bologna;14415;326,2;Emilia-Romagna
2017;Bolzano;8160;241,2;Trentino-Alto Adige
2017;Brescia;25051;438,1;Lombardia
2017;Brindisi;5122;497;Puglia
2017;Caltanissetta;3589;92,7;Sicilia
2017;Campobasso;2853;132,9;Molise
2017;Caserta;7355;248,8;Campania
2017;Catania;9387;220;Sicilia
2017;Catanzaro;5172;133,5;Calabria
2017;Chieti;6084;227,9;Abruzzo
2017;Como;7102;88,1;Lombardia
2017;Cosenza;9367;243,8;Calabria
2017;Cremona;7697;232,2;Lombardia
2017;Crotone;1693;34,3;Calabria
2017;Cuneo;12612;549,4;Piemonte
2017;Enna;2104;73,2;Sicilia
2017;Fermo;2722;106,7;Marche
2017;Ferrara;6329;191,4;Emilia-Romagna
2017;Firenze;6343;103,6;Toscana
2017;Foggia;4921;422,7;Puglia
2017;Forli - Cesena;8719;220,5;Emilia-Romagna
2017;Frosinone;5247;168,2;Lazio
2017;Genova;2505;24,8;Liguria
2017;Gorizia;3892;40,2;Friuli-Venezia Giulia
2017;Grosseto;3173;82;Toscana
2017;Imperia;1568;26;Liguria
2017;Isernia;1060;43,1;Molise
2017;L'Aquila;4279;163,7;Abruzzo
2017;La Spezia;1884;22,1;Liguria
2017;Latina;7171;248;Lazio
2017;Lecce;15270;689,1;Puglia
2017;Lecco;3920;48,8;Lombardia
2017;Livorno;3589;74,4;Toscana
2017;Lodi;3533;122,5;Lombardia
2017;Lucca;5155;62,4;Toscana
2017;Macerata;6008;305,9;Marche
2017;Mantova;7923;219,6;Lombardia
2017;Massa Carrara;2567;22,4;Toscana
2017;Matera;2485;182,5;Basilicata
2017;Messina;5456;63,8;Sicilia
2017;Milano;15696;315,7;Lombardia
2017;Modena;13665;249;Emilia-Romagna
2017;Monza E Brianza;7164;97,8;Lombardia
2017;Napoli;7377;157,3;Campania
2017;Novara;5284;93,5;Piemonte
2017;Padova;21612;335,6;Veneto
2017;Palermo;6757;172;Sicilia
2017;Parma;6208;184,1;Emilia-Romagna
2017;Pavia;6680;181,6;Lombardia
2017;Perugia;14188;339,8;Umbria
2017;Pesaro E Urbino;6137;245,2;Marche
2017;Pescara;3525;88,8;Abruzzo
2017;Piacenza;4900;178,6;Emilia-Romagna
2017;Pisa;5570;92,3;Toscana
2017;Pistoia;3143;39,4;Toscana
2017;Pordenone;9386;155,9;Friuli-Venezia Giulia
2017;Potenza;5341;183,3;Basilicata
2017;Prato;2052;78;Toscana
2017;Ragusa;5367;209,1;Sicilia
2017;Ravenna;10200;384,8;Emilia-Romagna
2017;Reggio Di Calabria;4938;64,7;Calabria
2017;Reggio Nell'Emilia;9653;161,4;Emilia-Romagna
2017;Rieti;2511;24,2;Lazio
2017;Rimini;5746;87,1;Emilia-Romagna
2017;Roma;29362;432,8;Lazio
2017;Rovigo;4105;318,5;Veneto
2017;Salerno;7327;233,5;Campania
2017;Sardegna;34536;748,8;Sardegna
2017;Savona;2214;30,1;Liguria
2017;Siena;3028;72,1;Toscana
2017;Siracusa;5884;198;Sicilia
2017;Sondrio;3804;51,3;Lombardia
2017;Taranto;6249;369,9;Puglia
2017;Teramo;5204;242,2;Abruzzo
2017;Terni;3448;131,4;Umbria
2017;Torino;19636;396,7;Piemonte
2017;Trapani;5493;139,9;Sicilia
2017;Trento;15919;179,9;Trentino-Alto Adige
2017;Treviso;25043;323,6;Veneto
2017;Trieste;1696;27,7;Friuli-Venezia Giulia
2017;Udine;17038;297,5;Friuli-Venezia Giulia
2017;Varese;11454;133,8;Lombardia
2017;Venezia;15205;183;Veneto
2017;Verbano - Cusio - Ossola;1287;16,5;Piemonte
2017;Vercelli;2683;87,2;Piemonte
2017;Verona;16071;362,2;Veneto
2017;Vibo Valentia;2286;38,2;Calabria
2017;Vicenza;19765;287,7;Veneto
2017;Viterbo;6005;452,1;Lazio
2018;Agrigento;5995;209,7;Sicilia
2018;Alessandria;6105;257,6;Piemonte
2018;Ancona;8902;298,4;Marche
2018;Aosta;2355;23,9;Valle d'Aosta
2018;Arezzo;6539;168,6;Toscana
2018;Ascoli Piceno;3294;118,7;Marche
2018;Asti;4397;86,7;Piemonte
2018;Avellino;4931;83,7;Campania
2018;Bari;13245;491,4;Puglia
2018;Barletta - Andria - Trani;2387;171,8;Puglia
2018;Belluno;4626;43,6;Veneto
2018;Benevento;3950;65;Campania
2018;Bergamo;17966;310,5;Lombardia
2018;Biella;2859;90,4;Piemonte
2018;Bologna;15397;336,8;Emilia-Romagna
2018;Bolzano;8353;244,3;Trentino-Alto Adige
2018;Brescia;26555;455,2;Lombardia
2018;Brindisi;5365;497;Puglia
2018;Caltanissetta;3748;93,6;Sicilia
2018;Campobasso;2949;133,7;Molise
2018;Caserta;7748;252;Campania
2018;Catania;9964;225;Sicilia
2018;Catanzaro;5440;135,9;Calabria
2018;Chieti;6371;231;Abruzzo
2018;Como;7743;91,9;Lombardia
2018;Cosenza;9787;246,7;Calabria
2018;Cremona;8149;236,1;Lombardia
2018;Crotone;1787;35,3;Calabria
2018;Cuneo;13273;555,8;Piemonte
2018;Enna;2231;74;Sicilia
2018;Fermo;2810;107,3;Marche
2018;Ferrara;6741;195,2;Emilia-Romagna
2018;Firenze;6775;108,4;Toscana
2018;Foggia;5109;424,3;Puglia
2018;Forli - Cesena;9247;225,3;Emilia-Romagna
2018;Frosinone;5527;170,9;Lazio
2018;Genova;2718;26,2;Liguria
2018;Gorizia;4070;41,2;Friuli-Venezia Giulia
2018;Grosseto;3336;83,2;Toscana
2018;Imperia;1669;26,9;Liguria
2018;Isernia;1092;39,9;Molise
2018;L'Aquila;4561;165,4;Abruzzo
2018;La Spezia;2034;23,2;Liguria
2018;Latina;7689;252;Lazio
2018;Lecce;15753;695,2;Puglia
2018;Lecco;4196;51;Lombardia
2018;Livorno;3777;75,8;Toscana
2018;Lodi;3788;124,4;Lombardia
2018;Lucca;5493;64,9;Toscana
2018;Macerata;6278;307,8;Marche
2018;Mantova;8489;222,8;Lombardia
2018;Massa Carrara;2662;23,1;Toscana
2018;Matera;2578;179,2;Basilicata
2018;Messina;5775;65,8;Sicilia
2018;Milano;16965;329,9;Lombardia
2018;Modena;14719;258,3;Emilia-Romagna
2018;Monza E Brianza;7742;103,3;Lombardia
2018;Napoli;7952;163,3;Campania
2018;Novara;5709;97;Piemonte
2018;Padova;23369;345,5;Veneto
2018;Palermo;7244;176,5;Sicilia
2018;Parma;6669;189,1;Emilia-Romagna
2018;Pavia;7198;185,2;Lombardia
2018;Perugia;15051;346,7;Umbria
2018;Pesaro E Urbino;6468;248,8;Marche
2018;Pescara;3707;90,5;Abruzzo
2018;Piacenza;5247;181,7;Emilia-Romagna
2018;Pisa;5973;94,7;Toscana
2018;Pistoia;3364;40,9;Toscana
2018;Pordenone;9942;159,5;Friuli-Venezia Giulia
2018;Potenza;5509;184,8;Basilicata
2018;Prato;2143;78,7;Toscana
2018;Ragusa;5684;211,7;Sicilia
2018;Ravenna;10760;388,1;Emilia-Romagna
2018;Reggio Di Calabria;5202;67,2;Calabria
2018;Reggio Nell'Emilia;10272;166,5;Emilia-Romagna
2018;Rieti;2733;26,2;Lazio
2018;Rimini;6104;89,6;Emilia-Romagna
2018;Roma;31985;448,3;Lazio
2018;Rovigo;4376;320;Veneto
2018;Salerno;7923;240,7;Campania
2018;Sardegna;36071;787,2;Sardegna
2018;Savona;2362;31,3;Liguria
2018;Siena;3195;73,9;Toscana
2018;Siracusa;6190;200,3;Sicilia
2018;Sondrio;3908;51,8;Lombardia
2018;Taranto;6507;372,4;Puglia
2018;Teramo;5499;245;Abruzzo
2018;Terni;3647;132,8;Umbria
2018;Torino;20813;411,5;Piemonte
2018;Trapani;5870;143,7;Sicilia
2018;Trento;16594;184,7;Trentino-Alto Adige
2018;Treviso;26504;336,7;Veneto
2018;Trieste;1834;28,6;Friuli-Venezia Giulia
2018;Udine;17802;302,5;Friuli-Venezia Giulia
2018;Varese;12551;140,8;Lombardia
2018;Venezia;16708;191,7;Veneto
2018;Verbano - Cusio - Ossola;1381;17,1;Piemonte
2018;Vercelli;2825;89;Piemonte
2018;Verona;17549;375,1;Veneto
2018;Vibo Valentia;2409;39,8;Calabria
2018;Vicenza;21132;299,9;Veneto
2018;Viterbo;6362;455,2;Lazio
2019;Agrigento;6294;213;Sicilia
2019;Alessandria;6490;262,3;Piemonte
2019;Ancona;9476;304,5;Marche
2019;Aosta;2464;24,6;Valle d'Aosta
2019;Arezzo;6887;172;Toscana
2019;Ascoli Piceno;3449;120,4;Marche
2019;Asti;4647;89,2;Piemonte
2019;Avellino;5262;86,2;Campania
2019;Bari;14209;500,3;Puglia
2019;Barletta - Andria - Trani;2532;173,3;Puglia
2019;Belluno;4850;46;Veneto
2019;Benevento;4169;66,5;Campania
2019;Bergamo;19499;326,6;Lombardia
2019;Biella;3023;92;Piemonte
2019;Bologna;16603;350,7;Emilia-Romagna
2019;Bolzano;8622;250,4;Trentino-Alto Adige
2019;Brescia;28457;480,2;Lombardia
2019;Brindisi;5731;500,3;Puglia
2019;Caltanissetta;3920;95,3;Sicilia
2019;Campobasso;3084;135,3;Molise
2019;Caserta;8235;257,6;Campania
2019;Catania;10651;233,2;Sicilia
2019;Catanzaro;5720;138,3;Calabria
2019;Chieti;6703;233,9;Abruzzo
2019;Como;8506;96,6;Lombardia
2019;Cosenza;10233;250,3;Calabria
2019;Cremona;8651;240,4;Lombardia
2019;Crotone;1895;36,2;Calabria
2019;Cuneo;14097;565,7;Piemonte
2019;Enna;2357;75,2;Sicilia
2019;Fermo;2976;109,3;Marche
2019;Ferrara;7219;200,2;Emilia-Romagna
2019;Firenze;7318;114,8;Toscana
2019;Foggia;5480;577,8;Puglia
2019;Forli - Cesena;9868;231,8;Emilia-Romagna
2019;Frosinone;5887;176,8;Lazio
2019;Genova;2934;28,3;Liguria
2019;Gorizia;4262;42,3;Friuli-Venezia Giulia
2019;Grosseto;3537;85;Toscana
2019;Imperia;1799;27,6;Liguria
2019;Isernia;1144;40,3;Molise
2019;L'Aquila;4911;168,7;Abruzzo
2019;La Spezia;2187;24,3;Liguria
2019;Latina;8373;257,8;Lazio
2019;Lecce;16443;700,2;Puglia
2019;Lecco;4517;53,9;Lombardia
2019;Livorno;4039;77,5;Toscana
2019;Lodi;4034;126,6;Lombardia
2019;Lucca;5911;67,7;Toscana
2019;Macerata;6645;312,6;Marche
2019;Mantova;9068;228;Lombardia
2019;Massa Carrara;2781;23,9;Toscana
2019;Matera;2770;182,3;Basilicata
2019;Messina;6219;69,2;Sicilia
2019;Milano;18663;345,7;Lombardia
2019;Modena;16022;274,2;Emilia-Romagna
2019;Monza E Brianza;8537;110;Lombardia
2019;Napoli;8655;171,7;Campania
2019;Novara;6249;101;Piemonte
2019;Padova;25568;359,5;Veneto
2019;Palermo;7823;180,8;Sicilia
2019;Parma;7213;195,9;Emilia-Romagna
2019;Pavia;7793;190,4;Lombardia
2019;Perugia;15892;353,4;Umbria
2019;Pesaro E Urbino;6855;253,6;Marche
2019;Pescara;3937;91,9;Abruzzo
2019;Piacenza;5596;185,9;Emilia-Romagna
2019;Pisa;6380;98,9;Toscana
2019;Pistoia;3599;42,4;Toscana
2019;Pordenone;10546;163,7;Friuli-Venezia Giulia
2019;Potenza;5767;188,7;Basilicata
2019;Prato;2233;80,5;Toscana
2019;Ragusa;6107;215,6;Sicilia
2019;Ravenna;11367;392,3;Emilia-Romagna
2019;Reggio Di Calabria;5583;70,3;Calabria
2019;Reggio Nell'Emilia;10991;174,7;Emilia-Romagna
2019;Rieti;2943;27,1;Lazio
2019;Rimini;6623;94,4;Emilia-Romagna
2019;Roma;34856;465,4;Lazio
2019;Rovigo;4663;323;Veneto
2019;Salerno;8618;251,3;Campania
2019;Sardegna;38014;872,6;Sardegna
2019;Savona;2550;32,6;Liguria
2019;Siena;3356;75,3;Toscana
2019;Siracusa;6599;204,5;Sicilia
2019;Sondrio;4033;52,7;Lombardia
2019;Taranto;6814;374,6;Puglia
2019;Teramo;5829;247,6;Abruzzo
2019;Terni;3853;135,1;Umbria
2019;Torino;22259;423,9;Piemonte
2019;Trapani;6223;145,9;Sicilia
2019;Trento;17268;192,3;Trentino-Alto Adige
2019;Treviso;28371;355,5;Veneto
2019;Trieste;1959;29,3;Friuli-Venezia Giulia
2019;Udine;18723;309,9;Friuli-Venezia Giulia
2019;Varese;13721;147,7;Lombardia
2019;Venezia;18451;203,3;Veneto
2019;Verbano - Cusio - Ossola;1527;17,7;Piemonte
2019;Vercelli;2981;90,6;Piemonte
2019;Verona;19335;394;Veneto
2019;Vibo Valentia;2544;41,4;Calabria
2019;Vicenza;22847;314,3;Veneto
2019;Viterbo;6716;458,2;Lazio
2020;Agrigento;6638;232,4;Sicilia
2020;Alessandria;6811;270,4;Piemonte
2020;Ancona;9991;309,5;Marche
2020;Aosta;2592;25,4;Valle d'Aosta
2020;Arezzo;7243;176,9;Toscana
2020;Ascoli Piceno;3613;123,2;Marche
2020;Asti;4859;92,3;Piemonte
2020;Avellino;5556;89,1;Campania
2020;Bari;15227;512,1;Puglia
2020;Barletta - Andria - Trani;2754;176,6;Puglia
2020;Belluno;5069;49,6;Veneto
2020;Benevento;4348;69,1;Campania
2020;Bergamo;21080;344,5;Lombardia
2020;Biella;3190;94,9;Piemonte
2020;Bologna;17832;364,7;Emilia-Romagna
2020;Bolzano;8871;257,2;Trentino-Alto Adige
2020;Brescia;30225;510,3;Lombardia
2020;Brindisi;6101;502,3;Puglia
2020;Caltanissetta;4105;97;Sicilia
2020;Campobasso;3266;136,9;Molise
2020;Caserta;8698;269;Campania
2020;Catania;11403;240,6;Sicilia
2020;Catanzaro;6029;141;Calabria
2020;Chieti;7027;237,9;Abruzzo
2020;Como;9265;103,8;Lombardia
2020;Cosenza;10690;256,3;Calabria
2020;Cremona;9127;251,6;Lombardia
2020;Crotone;2021;37,4;Calabria
2020;Cuneo;14926;579,8;Piemonte
2020;Enna;2465;76,8;Sicilia
2020;Fermo;3133;110,9;Marche
2020;Ferrara;7620;205,1;Emilia-Romagna
2020;Firenze;7780;121,1;Toscana
2020;Foggia;5780;623;Puglia
2020;Forli - Cesena;10455;238;Emilia-Romagna
2020;Frosinone;6218;180;Lazio
2020;Genova;3139;30,2;Liguria
2020;Gorizia;4425;43,4;Friuli-Venezia Giulia
2020;Grosseto;3737;86,1;Toscana
2020;Imperia;1939;29,1;Liguria
2020;Isernia;1204;41,5;Molise
2020;L'Aquila;5252;171,9;Abruzzo
2020;La Spezia;2348;25,9;Liguria
2020;Latina;8938;263,8;Lazio
2020;Lecce;17230;707,7;Puglia
2020;Lecco;4825;56,9;Lombardia
2020;Livorno;4264;79,6;Toscana
2020;Lodi;4296;130,2;Lombardia
2020;Lucca;6282;71,7;Toscana
2020;Macerata;7010;316,3;Marche
2020;Mantova;9759;238,5;Lombardia
2020;Massa Carrara;2913;25;Toscana
2020;Matera;2936;186,3;Basilicata
2020;Messina;6666;72,3;Sicilia
2020;Milano;20190;366,6;Lombardia
2020;Modena;17151;286,3;Emilia-Romagna
2020;Monza E Brianza;9380;117,8;Lombardia
2020;Napoli;9353;185,7;Campania
2020;Novara;6753;105,8;Piemonte
2020;Padova;27734;374,3;Veneto
2020;Palermo;8350;185,7;Sicilia
2020;Parma;7745;205,5;Emilia-Romagna
2020;Pavia;8324;195,5;Lombardia
2020;Perugia;16744;362,8;Umbria
2020;Pesaro E Urbino;7206;257,8;Marche
2020;Pescara;4134;93,6;Abruzzo
2020;Piacenza;5930;189,9;Emilia-Romagna
2020;Pisa;6765;102,5;Toscana
2020;Pistoia;3773;44,6;Toscana
2020;Pordenone;11097;169,5;Friuli-Venezia Giulia
2020;Potenza;5958;191,9;Basilicata
2020;Prato;2336;82;Toscana
2020;Ragusa;6522;219;Sicilia
2020;Ravenna;11944;398,9;Emilia-Romagna
2020;Reggio Di Calabria;5982;74,7;Calabria
2020;Reggio Nell'Emilia;11746;182,9;Emilia-Romagna
2020;Rieti;3111;28;Lazio
2020;Rimini;7138;98,7;Emilia-Romagna
2020;Roma;37349;483,1;Lazio
2020;Rovigo;4934;326,4;Veneto
2020;Salerno;9253;264,5;Campania
2020;Sardegna;39690;973,7;Sardegna
2020;Savona;2700;33,7;Liguria
2020;Siena;3527;77;Toscana
2020;Siracusa;7060;208;Sicilia
2020;Sondrio;4180;54,7;Lombardia
2020;Taranto;7179;378,2;Puglia
2020;Teramo;6099;251,4;Abruzzo
2020;Terni;4065;136,3;Umbria
2020;Torino;23694;458,8;Piemonte
2020;Trapani;6615;154,7;Sicilia
2020;Trento;17946;196,9;Trentino-Alto Adige
2020;Treviso;30157;373,5;Veneto
2020;Trieste;2121;30,4;Friuli-Venezia Giulia
2020;Udine;19525;317,6;Friuli-Venezia Giulia
2020;Varese;14880;156,5;Lombardia
2020;Venezia;20171;215,3;Veneto
2020;Verbano - Cusio - Ossola;1636;19,4;Piemonte
2020;Vercelli;3135;92,4;Piemonte
2020;Verona;21055;409,7;Veneto
2020;Vibo Valentia;2664;42,5;Calabria
2020;Vicenza;24567;330,6;Veneto
2020;Viterbo;7099;461,4;Lazio
2021;Agrigento;7109;236,8;Sicilia
2021;Alessandria;7278;278,7;Piemonte
2021;Ancona;10748;320,3;Marche
2021;Aosta;2759;26,4;Valle d'Aosta
2021;Arezzo;7783;182,2;Toscana
2021;Ascoli Piceno;3909;127,7;Marche
2021;Asti;5173;96,4;Piemonte
2021;Avellino;5979;94,9;Campania
2021;Bari;16905;533,8;Puglia
2021;Barletta - Andria - Trani;2993;179,5;Puglia
2021;Belluno;5359;53;Veneto
2021;Benevento;4582;71,5;Campania
2021;Bergamo;23371;366,8;Lombardia
2021;Biella;3379;98,3;Piemonte
2021;Bologna;19416;380,8;Emilia-Romagna
2021;Bolzano;9349;268;Trentino-Alto Adige
2021;Brescia;33300;557,3;Lombardia
2021;Brindisi;6544;504,9;Puglia
2021;Caltanissetta;4372;99,4;Sicilia
2021;Campobasso;3479;138,8;Molise
2021;Caserta;9349;281,2;Campania
2021;Catania;12304;248,9;Sicilia
2021;Catanzaro;6469;145,3;Calabria
2021;Chieti;7454;243;Abruzzo
2021;Como;10238;112,6;Lombardia
2021;Cosenza;11488;264,6;Calabria
2021;Cremona;10022;262,9;Lombardia
2021;Crotone;2227;40,4;Calabria
2021;Cuneo;16176;602,3;Piemonte
2021;Enna;2592;77,6;Sicilia
2021;Fermo;3369;112,6;Marche
2021;Ferrara;8151;209;Emilia-Romagna
2021;Firenze;8438;127,5;Toscana
2021;Foggia;6156;628,1;Puglia
2021;Forli - Cesena;11415;248,2;Emilia-Romagna
2021;Frosinone;6690;191,1;Lazio
2021;Genova;3334;32,9;Liguria
2021;Gorizia;4686;45,4;Friuli-Venezia Giulia
2021;Grosseto;3964;87,8;Toscana
2021;Imperia;2089;30,4;Liguria
2021;Isernia;1247;41,9;Molise
2021;L'Aquila;5627;176,7;Abruzzo
2021;La Spezia;2545;28,1;Liguria
2021;Latina;9659;274,5;Lazio
2021;Lecce;18545;718,3;Puglia
2021;Lecco;5283;61,6;Lombardia
2021;Livorno;4643;82,7;Toscana
2021;Lodi;4787;138,1;Lombardia
2021;Lucca;7004;77,6;Toscana
2021;Macerata;7496;323,2;Marche
2021;Mantova;10681;257,3;Lombardia
2021;Massa Carrara;3070;27,8;Toscana
2021;Matera;3148;189,8;Basilicata
2021;Messina;7151;77,4;Sicilia
2021;Milano;22340;392,6;Lombardia
2021;Modena;18590;305,3;Emilia-Romagna
2021;Monza E Brianza;10518;127,9;Lombardia
2021;Napoli;10320;197,8;Campania
2021;Novara;7409;116,3;Piemonte
2021;Padova;30939;399,2;Veneto
2021;Palermo;9074;194,5;Sicilia
2021;Parma;8449;215,9;Emilia-Romagna
2021;Pavia;9187;204,1;Lombardia
2021;Perugia;17810;374,1;Umbria
2021;Pesaro E Urbino;7740;266;Marche
2021;Pescara;4503;96,6;Abruzzo
2021;Piacenza;6475;204,9;Emilia-Romagna
2021;Pisa;7469;109,3;Toscana
2021;Pistoia;4067;47,2;Toscana
2021;Pordenone;12005;183,2;Friuli-Venezia Giulia
2021;Potenza;6308;198,6;Basilicata
2021;Prato;2473;84,7;Toscana
2021;Ragusa;7164;226,3;Sicilia
2021;Ravenna;12836;407,3;Emilia-Romagna
2021;Reggio Di Calabria;6471;78,9;Calabria
2021;Reggio Nell'Emilia;12757;195,4;Emilia-Romagna
2021;Rieti;3307;30,2;Lazio
2021;Rimini;7849;103,4;Emilia-Romagna
2021;Roma;40559;514;Lazio
2021;Rovigo;5329;331,7;Veneto
2021;Salerno;10063;278,5;Campania
2021;Sardegna;41831;1001,1;Sardegna
2021;Savona;2878;35,2;Liguria
2021;Siena;3812;81,4;Toscana
2021;Siracusa;7615;214;Sicilia
2021;Sondrio;4496;57,5;Lombardia
2021;Taranto;7771;383,6;Puglia
2021;Teramo;6616;257,6;Abruzzo
2021;Terni;4334;138,9;Umbria
2021;Torino;25838;483,9;Piemonte
2021;Trapani;7083;166,6;Sicilia
2021;Trento;19271;207,4;Trentino-Alto Adige
2021;Treviso;32773;402,3;Veneto
2021;Trieste;2282;31,9;Friuli-Venezia Giulia
2021;Udine;20725;330,6;Friuli-Venezia Giulia
2021;Varese;16534;172,5;Lombardia
2021;Venezia;23007;233,6;Veneto
2021;Verbano - Cusio - Ossola;1799;21,1;Piemonte
2021;Vercelli;3348;94,5;Piemonte
2021;Verona;23331;430,7;Veneto
2021;Vibo Valentia;2821;43,8;Calabria
2021;Vicenza;26949;353,5;Veneto
2021;Viterbo;7674;486,3;Lazio
2022;Agrigento;8556;249;Sicilia
2022;Alessandria;8731;302;Piemonte
2022;Ancona;12830;340;Marche
2022;Aosta;3201;29;Valle d'Aosta
2022;Arezzo;9389;199;Toscana
2022;Ascoli Piceno;4678;140;Marche
2022;Asti;6371;110;Piemonte
2022;Avellino;7405;108;Campania
2022;Bari;20780;571;Puglia
2022;Barletta - Andria - Trani;3569;185;Puglia
2022;Belluno;6069;60;Veneto
2022;Benevento;5135;77;Campania
2022;Bergamo;28823;428;Lombardia
2022;Biella;4041;112;Piemonte
2022;Bologna;22828;422;Emilia-Romagna
2022;Bolzano;10950;299;Trentino-Alto Adige
2022;Brescia;42288;659;Lombardia
2022;Brindisi;7605;514;Puglia
2022;Caltanissetta;5150;108;Sicilia
2022;Campobasso;4116;145;Molise
2022;Caserta;11003;298;Campania
2022;Catania;14901;315;Sicilia
2022;Catanzaro;7838;156;Calabria
2022;Chieti;8601;272;Abruzzo
2022;Como;12786;135;Lombardia
2022;Cosenza;13705;284;Calabria
2022;Cremona;12432;291;Lombardia
2022;Crotone;2721;45;Calabria
2022;Cuneo;19770;650;Piemonte
2022;Enna;2971;81;Sicilia
2022;Fermo;4025;120;Marche
2022;Ferrara;9898;227;Emilia-Romagna
2022;Firenze;10496;143;Toscana
2022;Foggia;7199;640;Puglia
2022;Forli - Cesena;13564;273;Emilia-Romagna
2022;Frosinone;8173;209;Lazio
2022;Genova;3878;40;Liguria
2022;Gorizia;5277;51;Friuli-Venezia Giulia
2022;Grosseto;4553;92;Toscana
2022;Imperia;2460;34;Liguria
2022;Isernia;1426;42;Molise
2022;L'Aquila;6838;188;Abruzzo
2022;La Spezia;2999;31;Liguria
2022;Latina;11378;306;Lazio
2022;Lecce;22454;750;Puglia
2022;Lecco;6286;71;Lombardia
2022;Livorno;5778;91;Toscana
2022;Lodi;6119;151;Lombardia
2022;Lucca;8872;97;Toscana
2022;Macerata;9027;340;Marche
2022;Mantova;13287;291;Lombardia
2022;Massa Carrara;3511;33;Toscana
2022;Matera;3809;198;Basilicata
2022;Messina;8345;82;Sicilia
2022;Milano;27578;468;Lombardia
2022;Modena;21866;340;Emilia-Romagna
2022;Monza E Brianza;13191;152;Lombardia
2022;Napoli;12830;226;Campania
2022;Novara;8975;146;Piemonte
2022;Padova;38136;461;Veneto
2022;Palermo;11182;214;Sicilia
2022;Parma;10124;247;Emilia-Romagna
2022;Pavia;10998;230;Lombardia
2022;Perugia;20843;412;Umbria
2022;Pesaro E Urbino;9387;288;Marche
2022;Pescara;5552;107;Abruzzo
2022;Piacenza;7755;219;Emilia-Romagna
2022;Pisa;9582;126;Toscana
2022;Pistoia;5008;56;Toscana
2022;Pordenone;14104;208;Friuli-Venezia Giulia
2022;Potenza;7614;210;Basilicata
2022;Prato;2987;89;Toscana
2022;Ragusa;8521;237;Sicilia
2022;Ravenna;15345;433;Emilia-Romagna
2022;Reggio Di Calabria;7446;87;Calabria
2022;Reggio Nell'Emilia;15679;234;Emilia-Romagna
2022;Rieti;3926;35;Lazio
2022;Rimini;9644;118;Emilia-Romagna
2022;Roma;47820;566;Lazio
2022;Rovigo;6753;348;Veneto
2022;Salerno;12549;306;Campania
2022;Sardegna;47846;1141;Sardegna
2022;Savona;3378;42;Liguria
2022;Siena;4774;90;Toscana
2022;Siracusa;9030;224;Sicilia
2022;Sondrio;5533;65;Lombardia
2022;Taranto;9405;395;Puglia
2022;Teramo;8209;274;Abruzzo
2022;Terni;5146;146;Umbria
2022;Torino;31984;555;Piemonte
2022;Trapani;8581;248;Sicilia
2022;Trento;23156;237;Trentino-Alto Adige
2022;Treviso;38763;466;Veneto
2022;Trieste;2653;34;Friuli-Venezia Giulia
2022;Udine;23904;363;Friuli-Venezia Giulia
2022;Varese;20316;208;Lombardia
2022;Venezia;28990;277;Veneto
2022;Verbano - Cusio - Ossola;2205;24;Piemonte
2022;Vercelli;3938;101;Piemonte
2022;Verona;27619;469;Veneto
2022;Vibo Valentia;3182;47;Calabria
2022;Vicenza;32759;412;Veneto
2022;Viterbo;9770;602;Lazio
2023;Agrigento;11448;274;Sicilia
2023;Alessandria;11487;364;Piemonte
2023;Ancona;16145;373;Marche
2023;Aosta;3862;35;Valle d'Aosta
2023;Arezzo;12037;227;Toscana
2023;Ascoli Piceno;6065;161;Marche
2023;Asti;8341;137;Piemonte
2023;Avellino;10025;134;Campania
2023;Bari;28291;669;Puglia
2023;Barletta - Andria - Trani;4679;198;Puglia
2023;Belluno;7108;70;Veneto
2023;Benevento;6376;89;Campania
2023;Bergamo;37075;546;Lombardia
2023;Biella;5042;146;Piemonte
2023;Bologna;29184;516;Emilia-Romagna
2023;Bolzano;15067;377;Trentino-Alto Adige
2023;Brescia;55790;883;Lombardia
2023;Brindisi;9593;539;Puglia
2023;Caltanissetta;7063;126;Sicilia
2023;Campobasso;5237;159;Molise
2023;Caserta;14801;346;Campania
2023;Catania;20071;364;Sicilia
2023;Catanzaro;10001;178;Calabria
2023;Chieti;11079;310;Abruzzo
2023;Como;17275;179;Lombardia
2023;Cosenza;18276;335;Calabria
2023;Cremona;15461;341;Lombardia
2023;Crotone;3678;56;Calabria
2023;Cuneo;24231;763;Piemonte
2023;Enna;3830;87;Sicilia
2023;Fermo;5058;133;Marche
2023;Ferrara;13022;286;Emilia-Romagna
2023;Firenze;14617;185;Toscana
2023;Foggia;8898;671;Puglia
2023;Forli - Cesena;16750;313;Emilia-Romagna
2023;Frosinone;10717;241;Lazio
2023;Genova;5271;53;Liguria
2023;Gorizia;6743;69;Friuli-Venezia Giulia
2023;Grosseto;5918;105;Toscana
2023;Imperia;3417;41;Liguria
2023;Isernia;1963;47;Molise
2023;L'Aquila;8988;226;Abruzzo
2023;La Spezia;3980;40;Liguria
2023;Latina;15216;428;Lazio
2023;Lecce;28341;806;Puglia
2023;Lecco;8455;104;Lombardia
2023;Livorno;7834;109;Toscana
2023;Lodi;8453;181;Lombardia
2023;Lucca;11755;122;Toscana
2023;Macerata;11479;370;Marche
2023;Mantova;17107;365;Lombardia
2023;Massa Carrara;4444;43;Toscana
2023;Matera;5449;268;Basilicata
2023;Messina;10769;104;Sicilia
2023;Milano;37778;599;Lombardia
2023;Modena;28555;431;Emilia-Romagna
2023;Monza E Brianza;17691;205;Lombardia
2023;Napoli;18063;293;Campania
2023;Novara;11821;188;Piemonte
2023;Padova;49720;617;Veneto
2023;Palermo;15546;252;Sicilia
2023;Parma;13425;303;Emilia-Romagna
2023;Pavia;14933;278;Lombardia
2023;Perugia;25505;472;Umbria
2023;Pesaro E Urbino;11799;322;Marche
2023;Pescara;7306;127;Abruzzo
2023;Piacenza;10205;260;Emilia-Romagna
2023;Pisa;13119;158;Toscana
2023;Pistoia;6848;73;Toscana
2023;Pordenone;19449;284;Friuli-Venezia Giulia
2023;Potenza;10732;235;Basilicata
2023;Prato;3886;99;Toscana
2023;Ragusa;10967;275;Sicilia
2023;Ravenna;19030;472;Emilia-Romagna
2023;Reggio Di Calabria;9369;106;Calabria
2023;Reggio Nell'Emilia;20692;308;Emilia-Romagna
2023;Rieti;5158;44;Lazio
2023;Rimini;12287;140;Emilia-Romagna
2023;Roma;62208;680;Lazio
2023;Rovigo;9096;425;Veneto
2023;Salerno;17103;368;Campania
2023;Sardegna;59465;1361;Sardegna
2023;Savona;4503;53;Liguria
2023;Siena;6177;105;Toscana
2023;Siracusa;12060;331;Sicilia
2023;Sondrio;7267;89;Lombardia
2023;Taranto;12426;429;Puglia
2023;Teramo;10869;310;Abruzzo
2023;Terni;6532;160;Umbria
2023;Torino;41850;708;Piemonte
2023;Trapani;11322;351;Sicilia
2023;Trento;29526;305;Trentino-Alto Adige
2023;Treviso;47207;589;Veneto
2023;Trieste;3715;43;Friuli-Venezia Giulia
2023;Udine;31430;486;Friuli-Venezia Giulia
2023;Varese;27538;279;Lombardia
2023;Venezia;37754;365;Veneto
2023;Verbano - Cusio - Ossola;3001;37;Piemonte
2023;Vercelli;4905;224;Piemonte
2023;Verona;35799;574;Veneto
2023;Vibo Valentia;4110;55;Calabria
2023;Vicenza;41329;528;Veneto
2023;Viterbo;13109;633;Lazio
2024;Agrigento;13732;310;Sicilia
2024;Alessandria;13062;460;Piemonte
2024;Ancona;18155;414;Marche
2024;Aosta;4323;40;Valle d'Aosta
2024;Arezzo;13952;257;Toscana
2024;Ascoli Piceno;7269;184;Marche
2024;Asti;9380;155;Piemonte
2024;Avellino;12249;161;Campania
2024;Bari;34868;752;Puglia
2024;Barletta - Andria - Trani;5792;218;Puglia
2024;Belluno;7891;84;Veneto
2024;Benevento;7512;129;Campania
2024;Bergamo;43293;673;Lombardia
2024;Biella;5685;182;Piemonte
2024;Bologna;33140;579;Emilia-Romagna
2024;Bolzano;17780;449;Trentino-Alto Adige
2024;Brescia;64023;1082;Lombardia
2024;Brindisi;11153;563;Puglia
2024;Caltanissetta;9264;147;Sicilia
2024;Campobasso;6307;190;Molise
2024;Caserta;19436;414;Campania
2024;Catania;24056;447;Sicilia
2024;Catanzaro;11768;195;Calabria
2024;Chieti;13224;351;Abruzzo
2024;Como;19979;219;Lombardia
2024;Cosenza;22199;386;Calabria
2024;Cremona;17517;398;Lombardia
2024;Crotone;4546;65;Calabria
2024;Cuneo;27003;890;Piemonte
2024;Enna;4657;95;Sicilia
2024;Fermo;5944;147;Marche
2024;Ferrara;14546;356;Emilia-Romagna
2024;Firenze;17557;225;Toscana
2024;Foggia;10495;737;Puglia
2024;Forli - Cesena;19220;364;Emilia-Romagna
2024;Frosinone;12977;282;Lazio
2024;Genova;6239;66;Liguria
2024;Gorizia;8269;90;Friuli-Venezia Giulia
2024;Grosseto;6709;148;Toscana
2024;Imperia;4148;48;Liguria
2024;Isernia;2397;66;Molise
2024;L'Aquila;10841;261;Abruzzo
2024;La Spezia;4642;49;Liguria
2024;Latina;19570;562;Lazio
2024;Lecce;33436;883;Puglia
2024;Lecco;10012;132;Lombardia
2024;Livorno;9276;122;Toscana
2024;Lodi;9835;208;Lombardia
2024;Lucca;13314;140;Toscana
2024;Macerata;13408;401;Marche
2024;Mantova;19261;452;Lombardia
2024;Massa Carrara;5066;52;Toscana
2024;Matera;7353;307;Basilicata
2024;Messina;13281;123;Sicilia
2024;Milano;44517;762;Lombardia
2024;Modena;32798;516;Emilia-Romagna
2024;Monza E Brianza;20961;258;Lombardia
2024;Napoli;23904;370;Campania
2024;Novara;13720;223;Piemonte
2024;Padova;57923;739;Veneto
2024;Palermo;19608;388;Sicilia
2024;Parma;15625;356;Emilia-Romagna
2024;Pavia;17428;339;Lombardia
2024;Perugia;29379;557;Umbria
2024;Pesaro E Urbino;13511;370;Marche
2024;Pescara;9046;150;Abruzzo
2024;Piacenza;11726;322;Emilia-Romagna
2024;Pisa;15177;201;Toscana
2024;Pistoia;8085;87;Toscana
2024;Pordenone;23900;373;Friuli-Venezia Giulia
2024;Potenza;14818;277;Basilicata
2024;Prato;4434;110;Toscana
2024;Ragusa;12941;313;Sicilia
2024;Ravenna;21161;527;Emilia-Romagna
2024;Reggio Di Calabria;11560;124;Calabria
2024;Reggio Nell'Emilia;23553;395;Emilia-Romagna
2024;Rieti;6163;53;Lazio
2024;Rimini;14371;161;Emilia-Romagna
2024;Roma;75538;819;Lazio
2024;Rovigo;10475;449;Veneto
2024;Salerno;21768;450;Campania
2024;Sardegna;67990;1723;Sardegna
2024;Savona;5349;67;Liguria
2024;Siena;7079;123;Toscana
2024;Siracusa;14509;423;Sicilia
2024;Sondrio;8247;101;Lombardia
2024;Taranto;14563;474;Puglia
2024;Teramo;13278;352;Abruzzo
2024;Terni;7643;175;Umbria
2024;Torino;48526;864;Piemonte
2024;Trapani;13293;427;Sicilia
2024;Trento;32517;361;Trentino-Alto Adige
2024;Treviso;52139;702;Veneto
2024;Trieste;4985;53;Friuli-Venezia Giulia
2024;Udine;38221;695;Friuli-Venezia Giulia
2024;Varese;31999;336;Lombardia
2024;Venezia;42886;448;Veneto
2024;Verbano - Cusio - Ossola;3539;47;Piemonte
2024;Vercelli;5530;264;Piemonte
2024;Verona;41403;693;Veneto
2024;Vibo Valentia;4885;63;Calabria
2024;Vicenza;46352;632;Veneto
2024;Viterbo;15836;1580;Lazio
